ID,Name,Macroarea,Latitude,Longitude,Glottocode,ISO639P3code,Forms,FormsWithSounds,Concepts,Consonants,ConsonantsByQuality,ConsonantSounds,Vowels,VowelsByQuality,VowelSounds,WordLength,SyllableLength,Family
abvdoceanic-Banoni,Banoni,,-6.23061,155.128,bann1247,,253,253,194,20,19,20,10,5,10,5.126482213438735,2.474308300395257,Austronesian
abvdoceanic-Gedaged,Gedaged,,-5.18175,145.781,geda1237,,268,268,192,16,16,16,7,5,8,4.268656716417911,1.75,Austronesian
abvdoceanic-Giman,Gimán,,-0.42618,127.976,gane1237,,238,238,199,19,19,19,5,5,5,4.743697478991597,1.9327731092436975,Austronesian
abvdoceanic-FijianBau,Fijian (Bau),,,,bauu1243,,229,229,210,18,18,18,7,6,7,5.9126637554585155,2.6812227074235806,Austronesian
abvdoceanic-Canala,Canala,,-21.7034,165.996,xara1244,,219,219,193,25,25,25,30,18,30,3.4292237442922375,1.6484018264840183,Austronesian
abvdoceanic-KilokakaYsabel,Kilokaka (Ysabel),,-8.18719,159.255,zaza1245,,193,193,179,22,22,22,6,6,6,5.041450777202073,2.2746113989637307,Austronesian
abvdoceanic-Kis,Kis,,-3.83909,143.96,kiss1246,,122,122,114,23,23,23,6,6,7,4.565573770491803,2.0081967213114753,Austronesian
abvdoceanic-Mor,Mor,,-2.87055,135.95,morm1235,,184,184,176,14,14,14,5,5,5,4.978260869565218,2.483695652173913,Austronesian
abvdoceanic-Mota,Mota,,-13.835361,167.690924,mota1237,,254,254,200,17,17,17,5,5,5,4.7047244094488185,2.0669291338582676,Austronesian
abvdoceanic-Motu,Motu,,-9.67492,147.424,motu1246,,219,219,209,15,15,15,6,6,6,5.178082191780822,2.4292237442922375,Austronesian
abvdoceanic-Kairiru,Kairiru,,-3.34608,143.558,kair1263,,247,247,179,21,20,21,5,5,5,4.125506072874494,1.5384615384615385,Austronesian
abvdoceanic-Bughotu,Bughotu,,-8.47948,159.802,bugh1239,,275,275,207,20,19,20,9,5,9,4.745454545454545,2.2981818181818183,Austronesian
abvdoceanic-Marquesan,Marquesan,,-8.89412,-140.108,nort2845,,390,390,207,19,15,19,11,6,11,4.589743589743589,2.094871794871795,Austronesian
abvdoceanic-Ali,Ali,,-3.28761,142.659,kapp1237,,174,174,167,17,17,17,8,8,8,5.086206896551724,1.9080459770114941,Austronesian
abvdoceanic-AmbaiYapen,Ambai (Yapen),,-1.88126,136.526,amba1265,,197,197,191,17,17,17,7,5,7,5.319796954314721,2.4111675126903553,Austronesian
abvdoceanic-BigaMisool,Biga (Misool),,-1.8801,130.075,matb1237,,186,186,184,22,21,22,7,7,8,4.731182795698925,2.0806451612903225,Austronesian
abvdoceanic-Buli,Buli,,1.0008,128.443,buli1255,,219,219,197,22,21,22,5,5,5,4.219178082191781,1.735159817351598,Austronesian
abvdoceanic-Hawaiian,Hawaiian,,19.6297,-155.43,hawa1245,,242,242,210,9,9,9,6,6,6,4.524793388429752,2.1404958677685952,Austronesian
abvdoceanic-Hoava,Hoava,,-8.19679,157.595,hoav1238,,190,190,181,17,17,17,7,7,7,5.71578947368421,2.663157894736842,Austronesian
abvdoceanic-KaulongAuVillage,Kaulong (Au Village),,-6.08192,149.696,kaul1240,,217,217,191,21,21,21,7,7,7,4.336405529953917,1.705069124423963,Austronesian
abvdoceanic-KayupulauKajupulau,Kayupulau [Kajupulau],,-2.54415,140.626,kayu1243,,202,202,191,27,27,27,10,10,10,5.074257425742574,2.3564356435643563,Austronesian
abvdoceanic-Rarotongan,Rarotongan,,-21.23,-159.78,raro1241,,362,362,209,10,10,10,12,7,12,4.823204419889502,2.1878453038674035,Austronesian
abvdoceanic-Nukuoro,Nukuoro,,3.84,154.975,nuku1260,,247,247,179,19,16,19,10,6,10,4.040485829959514,1.8906882591093117,Austronesian
abvdoceanic-Kusaie,Kusaie,,5.31,162.98,kosr1238,,402,402,199,26,25,26,13,12,13,4.191542288557214,1.592039800995025,Austronesian
abvdoceanic-Kwaio,Kwaio,,-8.93744,160.965,kwai1243,,212,212,205,16,16,16,11,6,11,5.377358490566038,2.5660377358490565,Austronesian
abvdoceanic-LamogaiMulakaino,Lamogai (Mulakaino),,-5.87071,149.321,lamo1244,,218,218,199,21,21,21,6,6,7,4.747706422018348,2.073394495412844,Austronesian
abvdoceanic-Lau,Lau,,-8.51018,160.872,lauu1247,,272,272,204,17,17,17,7,7,7,4.268382352941177,2.0441176470588234,Austronesian
abvdoceanic-Leipon,Leipon,,-1.9665,147.226,leip1237,,179,179,178,28,28,28,7,7,8,5.067039106145251,2.122905027932961,Austronesian
abvdoceanic-Levei,Levei,,-2.06626,146.746,kheh1237,,198,198,188,28,22,28,7,6,7,4.974747474747475,2.186868686868687,Austronesian
abvdoceanic-Likum,Likum,,-2.16157,146.695,liku1243,,186,186,183,29,25,29,8,6,9,5.043010752688172,2.247311827956989,Austronesian
abvdoceanic-Loniu,Loniu,,-2.06124,147.35,loni1238,,213,213,206,20,20,20,6,6,7,5.549295774647887,2.460093896713615,Austronesian
abvdoceanic-Lou,Lou,,-2.38659,147.346,louu1245,,198,198,192,15,15,15,7,5,8,4.656565656565657,1.9141414141414141,Austronesian
abvdoceanic-Nelemwa,Nêlêmwa,,-20.4035,164.193,kuma1276,,229,229,200,28,28,28,10,5,11,3.6724890829694323,1.611353711790393,Austronesian
abvdoceanic-Yapese,Yapese,,9.55811,138.125,yape1248,,260,260,209,26,23,26,14,9,15,4.719230769230769,1.6384615384615384,Austronesian
abvdoceanic-Mussau,Mussau,,-1.44105,149.624,muss1246,,204,204,191,20,14,20,9,5,9,5.9754901960784315,2.823529411764706,Austronesian
abvdoceanic-Maleu,Maleu,,-5.61613,148.445,male1289,,198,198,191,15,14,15,6,6,6,4.94949494949495,2.121212121212121,Austronesian
abvdoceanic-Maori,Maori,,-38.2881,176.541,maor1246,,228,228,210,11,11,11,10,5,10,4.754385964912281,2.1491228070175437,Austronesian
abvdoceanic-Marovo,Marovo,,-8.37943,157.747,maro1244,,220,220,208,22,22,22,7,7,7,5.445454545454545,2.4954545454545456,Austronesian
abvdoceanic-Mekeo,Mekeo,,-8.23853,146.586,meke1243,,213,213,204,13,13,13,5,5,5,4.708920187793427,2.295774647887324,Austronesian
abvdoceanic-Mengen,Mengen,,-5.47036,151.373,meng1267,,214,214,200,27,25,27,9,9,9,5.44392523364486,2.4626168224299065,Austronesian
abvdoceanic-MinyaifuinGebe,Minyaifuin (Gebe),,-0.07877,129.424,gebe1237,,184,184,181,24,24,24,8,8,9,4.668478260869565,1.9076086956521738,Austronesian
abvdoceanic-Misima,Misima,,-10.6821,152.696,misi1243,,188,188,184,19,19,19,6,5,6,6.117021276595745,2.8191489361702127,Austronesian
abvdoceanic-Nauna,Nauna,,-2.21213,148.201,naun1237,,193,193,188,21,21,21,7,7,8,4.7979274611398965,1.9170984455958548,Austronesian
abvdoceanic-Nauru,Nauru,,-0.52957,166.922,naur1243,,229,229,183,22,20,22,10,7,10,5.065502183406114,2.393013100436681,Austronesian
abvdoceanic-NehanHape,Nehan Hape,,-4.56875,154.2,neha1247,,205,205,197,17,17,17,6,5,6,5.014634146341463,1.921951219512195,Austronesian
abvdoceanic-Nengone,Nengone,,-21.5305,167.964,neng1238,,271,271,205,24,23,24,8,8,9,5.033210332103321,2.125461254612546,Austronesian
abvdoceanic-Nggela,Nggela,,-9.04587,160.186,gela1263,,250,250,207,15,15,15,7,6,7,4.76,2.24,Austronesian
abvdoceanic-Nguna,Nguna,,-17.5774,168.375,nort2836,,220,220,196,13,13,13,6,5,6,5.4772727272727275,2.6,Austronesian
abvdoceanic-Numfor,Numfor,,-0.9523,135.879,biak1248,,218,218,197,17,17,17,7,7,7,4.022935779816514,1.5412844036697249,Austronesian
abvdoceanic-PaameseSouth,Paamese (South),,-16.47548,168.23693,paam1238,,199,199,195,12,12,12,10,5,10,4.984924623115578,2.4020100502512562,Austronesian
abvdoceanic-Raga,Raga,,-15.5432,168.167,hano1246,,255,255,207,18,18,18,5,5,5,4.898039215686275,2.3058823529411763,Austronesian
abvdoceanic-Rotuman,Rotuman,,-12.5008,177.066,rotu1241,,227,227,210,18,18,18,8,8,8,4.466960352422907,2.092511013215859,Austronesian
abvdoceanic-Roviana,Roviana,,-8.20493,157.408,rovi1238,,237,237,210,16,16,16,5,5,5,6.0548523206751055,2.7763713080168775,Austronesian
abvdoceanic-Samoan,Samoan,,-13.92,-171.83,samo1305,,306,306,210,11,11,11,7,6,7,4.9869281045751634,2.349673202614379,Austronesian
abvdoceanic-AmbrymSouthEast,"Ambrym, South-East",,-16.2975,168.211,sout2859,,214,214,192,15,13,15,12,9,12,4.401869158878505,1.9065420560747663,Austronesian
abvdoceanic-Seimat,Seimat,,-1.2666667,144.25,seim1238,,194,194,190,12,12,12,10,9,11,5.134020618556701,2.2577319587628866,Austronesian
abvdoceanic-Sengseng,Sengseng,,-6.16474,149.784,seng1281,,312,312,197,25,25,25,8,7,8,4.3493589743589745,1.7403846153846154,Austronesian
abvdoceanic-Sobei,Sobei,,-1.86998,138.75,sobe1238,,211,211,191,19,19,19,5,5,6,5.3364928909952605,2.3507109004739335,Austronesian
abvdoceanic-Rurutuan,Rurutuan,,,,ruru1237,,278,278,210,8,8,8,10,5,10,5.266187050359712,2.435251798561151,Austronesian
abvdoceanic-Tabar,Tabar,,-2.7828,151.956,mand1440,,211,211,200,16,16,16,5,5,5,5.502369668246446,2.5924170616113744,Austronesian
abvdoceanic-Tangga,Tangga,,-4.08824,153.611,tang1348,,201,201,172,17,17,17,7,5,7,3.985074626865672,1.6318407960199004,Austronesian
abvdoceanic-Tarpia,Tarpia,,-2.322279,140.115497,tarp1240,,201,201,191,21,21,21,6,6,6,4.875621890547263,1.9900497512437811,Austronesian
abvdoceanic-Tigak,Tigak,,-2.70951,150.893,tiga1245,,189,189,171,12,12,12,5,5,5,4.735449735449736,1.9312169312169312,Austronesian
abvdoceanic-Tongan,Tongan,,-21.17,-175.25,tong1325,,226,226,210,13,13,13,7,5,7,4.827433628318584,2.274336283185841,Austronesian
abvdoceanic-Vaghua,Vaghua,,-6.68712,156.542,vagh1249,,280,280,179,20,20,20,9,9,9,5.675,2.492857142857143,Austronesian
abvdoceanic-Vitu,Vitu,,-4.69751,149.489,mudu1242,,214,214,198,16,16,16,5,5,5,5.593457943925234,2.630841121495327,Austronesian
abvdoceanic-Wampar,Wampar,,-6.67364,146.662,wamp1247,,271,271,194,20,20,20,8,8,8,4.387453874538745,1.7749077490774907,Austronesian
abvdoceanic-Waropen,Waropen,,-2.31142,136.633,waro1242,,277,277,193,17,17,17,6,5,6,4.407942238267148,2.1660649819494586,Austronesian
abvdoceanic-WindesiWandamen,Windesi Wandamen,,-2.25622,133.996,wand1267,,249,249,198,14,14,14,5,5,5,4.562248995983936,2.0481927710843375,Austronesian
abvdoceanic-Wogeo,Wogeo,,-3.20238,144.089,woge1237,,189,189,185,22,22,22,5,5,5,4.571428571428571,2.1164021164021163,Austronesian
abvdoceanic-Wuvulu,Wuvulu,,-1.73938,142.851,wuvu1239,,190,190,181,14,14,14,6,5,6,4.9,2.363157894736842,Austronesian
abvdoceanic-AnejomAneityum,Anejom (Aneityum),,-20.1864,169.825,anei1239,,206,206,201,29,28,29,8,5,8,5.368932038834951,2.3883495145631066,Austronesian
abvdoceanic-Pukapuka,Pukapuka,,-10.91,-165.83,puka1242,,383,383,209,10,10,10,9,7,9,4.872062663185378,2.2532637075718016,Austronesian
abvdoceanic-Tikopia,Tikopia,,-12.2766,168.822,tiko1237,,288,288,201,14,14,14,10,5,10,3.9479166666666665,1.8506944444444444,Austronesian
abvdoceanic-FutunaAniwa,Futuna-Aniwa,,-19.5303,170.215,futu1245,,339,339,200,22,22,22,7,6,7,4.404129793510324,1.9705014749262537,Austronesian
abvdoceanic-Kilivila,Kilivila,,-8.72574,151.072,kili1267,,241,241,209,22,21,22,6,5,7,5.738589211618257,2.7551867219917012,Austronesian
abvdoceanic-Lenakel,Lenakel,,-19.4763,169.261,lena1238,,206,206,203,19,19,19,10,6,10,4.91747572815534,2.004854368932039,Austronesian
abvdoceanic-MagoriSouthEastPapua,Magori (South East Papua),,-10.2321,149.26,mago1248,,188,188,172,16,16,16,5,5,5,4.691489361702128,2.25531914893617,Austronesian
abvdoceanic-Maisin,Maisin,,-9.22853,148.731,mais1250,,210,210,189,22,18,22,8,5,9,5.504761904761905,2.480952380952381,Austronesian
abvdoceanic-Manam,Manam,,-4.07921,145.033,mana1295,,212,212,196,22,22,22,6,6,6,4.8254716981132075,2.292452830188679,Austronesian
abvdoceanic-Lamusong,Lamusong,,,,lamu1255,,192,192,181,15,15,15,9,8,9,4.776041666666667,2,Austronesian
abvdoceanic-Patpatar,Patpatar,,-3.74711,152.493,patp1243,,228,228,192,14,14,14,6,5,6,4.964912280701754,2.008771929824561,Austronesian
abvdoceanic-Ponapean,Ponapean,,6.87212,158.223,pohn1238,,255,255,210,17,16,17,7,6,7,4.76078431372549,1.8196078431372549,Austronesian
abvdoceanic-Ririo,Ririo,,-6.88927,156.92,riri1237,,230,230,208,20,20,20,8,8,8,4.343478260869565,1.6521739130434783,Austronesian
abvdoceanic-Teop,Teop,,-5.67474,154.971,teop1238,,267,267,200,15,15,15,10,5,10,5.048689138576779,2.438202247191011,Austronesian
abvdoceanic-Varisi,Varisi,,-6.83443,156.655,vari1239,,247,247,180,15,15,15,7,7,7,5.979757085020243,2.7530364372469633,Austronesian
abvdoceanic-Dehu,Dehu,,-20.8892,167.229,dehu1237,,269,269,200,25,25,25,9,8,9,4.799256505576208,2.007434944237918,Austronesian
abvdoceanic-Rennellese,Rennellese,,,,mung1271,,283,283,206,13,13,13,12,7,12,4.424028268551237,2.067137809187279,Austronesian
abvdoceanic-As,As,,-0.75267,131.728,asss1237,,164,164,161,18,18,18,8,8,8,4.182926829268292,1.7378048780487805,Austronesian
abvdoceanic-FutunaEast,"Futuna, East",,-14.278717,-178.137222,east2447,,364,364,209,11,11,11,11,6,11,4.31043956043956,2.043956043956044,Austronesian
abvdoceanic-Jawe,Jawe,,-20.6648,164.676,jawe1237,,219,219,200,31,31,31,11,6,12,4.28310502283105,1.730593607305936,Austronesian
abvdoceanic-KwaraaeSolomonIslands,Kwara'ae (Solomon Islands'),,-8.75779,160.804,kwar1239,,235,235,207,16,16,16,7,7,7,4.6680851063829785,2.2,Austronesian
abvdoceanic-Kapingamarangi,Kapingamarangi,,1.039166,154.797223,kapi1249,,297,297,188,21,19,21,9,5,9,4.151515151515151,1.9191919191919191,Austronesian
abvdoceanic-Molima,Molima,,-9.57457,150.614,moli1248,,229,229,194,20,20,20,6,5,7,5.995633187772926,2.816593886462882,Austronesian
abvdoceanic-Roro,Roro,,-8.67145,146.544,waim1251,,180,180,145,14,14,14,8,7,8,4.955555555555556,2.311111111111111,Austronesian
abvdoceanic-Ubir,Ubir,,-9.59044,149.396,ubir1237,,195,195,190,16,16,16,5,5,5,5.98974358974359,2.753846153846154,Austronesian
abvdoceanic-Toambaita,To'ambaita,,-8.39233,160.619,toab1237,,383,383,208,20,20,20,16,10,16,5.190600522193211,2.362924281984334,Austronesian
abvdoceanic-Taiof,Taiof,,-5.64103,154.732,sapo1253,,184,184,181,17,17,17,5,5,5,4.864130434782608,1.858695652173913,Austronesian
abvdoceanic-Suau,Suau,,-10.6606,150.21,suau1242,,197,197,188,14,14,14,5,5,6,5.527918781725888,2.563451776649746,Austronesian
abvdoceanic-TannaSouthwest,"Tanna, Southwest",,-19.57953,169.35603,sout2869,,198,198,192,20,20,20,10,6,10,4.808080808080808,1.994949494949495,Austronesian
abvdoceanic-Emae,Emae,,-17.052,168.399,emae1237,,236,236,167,16,15,16,10,5,10,3.8728813559322033,1.8559322033898304,Austronesian
abvdoceanic-SakaoPortOlry,Sakao (Port-Olry),,-15.0757,167.051,saka1289,,272,272,194,30,23,30,11,11,11,4.047794117647059,1.6911764705882353,Austronesian
abvdoceanic-NumbamiSiboma,Numbami (Siboma),,-7.52806,147.298,numb1247,,237,237,206,15,15,15,5,5,6,5.620253164556962,2.6624472573839664,Austronesian
abvdoceanic-ZabanaKia,Zabana (Kia),,-7.74311,158.753,zaba1237,,197,197,181,17,17,17,6,6,6,5.238578680203045,2.5076142131979697,Austronesian
abvdoceanic-Penrhyn,Penrhyn,,-9.082238,-157.922908,penr1237,,229,229,187,13,13,13,11,6,11,4.043668122270742,1.908296943231441,Austronesian
abvdoceanic-Luangiua,Luangiua,,-5.49029,159.701,onto1237,,249,249,193,13,12,13,11,6,11,4.0120481927710845,1.8875502008032128,Austronesian
abvdoceanic-Mangareva,Mangareva,,-23.1095,-134.97,mang1401,,344,344,204,12,12,12,10,6,10,4.47093023255814,2.125,Austronesian
abvdoceanic-IfiraMeleMeleFila,Ifira-Mele (Mele-Fila),,-17.6841,168.275,mele1250,,211,211,149,19,16,19,10,5,10,3.5165876777251186,1.7109004739336493,Austronesian
abvdoceanic-Sikaiana,Sikaiana,,-8.378194,162.72952,sika1261,,266,266,194,15,12,15,11,6,11,4.101503759398496,1.9586466165413534,Austronesian
abvdoceanic-Takuu,Takuu,,-4.773094,157.032085,taku1257,,207,207,155,21,14,21,10,5,10,3.7198067632850242,1.816425120772947,Austronesian
abvdoceanic-Tokelau,Tokelau,,-9.227642,-171.780833,toke1240,,207,207,146,11,11,11,10,5,10,4.033816425120773,1.961352657004831,Austronesian
abvdoceanic-Tuamotu,Tuamotu,,-16.17259,-146.321755,tuam1242,,294,294,198,11,11,11,9,5,9,4.204081632653061,1.9965986394557824,Austronesian
abvdoceanic-Niue,Niue,,-19.06,-169.86,niue1239,,304,304,196,12,12,12,11,6,11,4.082236842105263,1.9736842105263157,Austronesian
abvdoceanic-Anuta,Anuta,,-11.61,169.85,anut1237,,257,257,196,12,12,12,11,6,11,4.175097276264592,1.9494163424124513,Austronesian
abvdoceanic-UveaEast,"Uvea, East",,-13.2903,-176.207,wall1257,,303,303,198,13,13,13,10,6,10,4.382838283828383,2.089108910891089,Austronesian
abvdoceanic-UveaWest,"Uvea, West",,-20.4145,166.589,west2516,,182,182,139,16,16,16,10,5,10,3.9395604395604398,1.8241758241758241,Austronesian
abvdoceanic-RapanuiEasterIsland,Rapanui (Easter Island),,-27.113,-109.342,rapa1244,,438,438,203,14,14,14,9,6,9,4.417808219178082,2.1301369863013697,Austronesian
abvdoceanic-Lakalai,Lakalai,,-5.59931,150.888,naka1262,,251,251,196,12,12,12,9,5,9,4.888446215139442,2.394422310756972,Austronesian
abvdoceanic-Kove,Kove,,-5.58623,149.63,kove1237,,238,238,204,17,17,17,5,5,5,5.067226890756302,2.403361344537815,Austronesian
abvdoceanic-Amara,Amara,,-5.55778,148.68,amar1272,,228,228,172,12,12,12,5,5,5,5.12280701754386,2.175438596491228,Austronesian
abvdoceanic-Aria,Aria,,-5.71155,149.158,mouk1239,,233,233,175,12,12,12,5,5,5,4.420600858369099,1.9484978540772533,Austronesian
abvdoceanic-SouthEfate,South Efate,,-17.7006,168.377,sout2856,,211,211,205,15,15,15,5,5,5,4.180094786729858,1.5545023696682465,Austronesian
abvdoceanic-Yabem,Yabem,,-6.67052,147.81,yabe1254,,227,227,196,18,18,18,5,5,5,4.6784140969163,1.8590308370044053,Austronesian
abvdoceanic-Puluwatese,Puluwatese,,7.35695,149.2005,pulu1242,,334,334,166,28,19,28,10,5,11,4.233532934131737,1.7874251497005988,Austronesian
abvdoceanic-PuloAnnan,Pulo-Annan,,5.328596,132.221282,sons1242,,218,218,147,21,14,21,10,5,10,4.330275229357798,2.055045871559633,Austronesian
abvdoceanic-SaipanCarolinian,Saipan Carolinian,,15.205,145.765,caro1242,,317,317,160,29,20,29,10,5,11,4.085173501577287,1.747634069400631,Austronesian
abvdoceanic-Mokilese,Mokilese,,6.65651,159.776,moki1238,,176,176,115,15,14,15,14,7,15,3.5511363636363638,1.5568181818181819,Austronesian
abvdoceanic-Satawalese,Satawalese,,7.36084,147.038,sata1237,,178,178,124,29,22,29,12,7,12,4.02808988764045,1.7359550561797752,Austronesian
abvdoceanic-Marshallese,Marshallese,,8.72,167.73,mars1254,,227,227,164,33,23,33,5,4,6,4.427312775330397,1.7180616740088106,Austronesian
abvdoceanic-Kiribati,Kiribati,,-1.34,176.44,gilb1244,,367,367,208,14,13,14,9,6,9,4.583106267029973,1.997275204359673,Austronesian
abvdoceanic-Woleaian,Woleaian,,7.37957,143.916,wole1240,,324,324,166,29,22,29,10,5,11,4.506172839506172,2.1574074074074074,Austronesian
abvdoceanic-Chuukese,Chuukese,,7.346993,151.598607,chuu1238,,454,454,200,31,18,31,13,7,15,3.9295154185022025,1.7290748898678414,Austronesian
abvdoceanic-Nembao,Nembao,,-11.2958,166.498,amba1266,,189,189,175,35,32,35,11,11,11,4.2592592592592595,2.074074074074074,Austronesian
abvdoceanic-Asumboa,Asumboa,,-11.2969,166.499,asum1237,,184,184,171,24,24,24,7,7,7,5.016304347826087,2.3369565217391304,Austronesian
abvdoceanic-Tanimbili,Tanimbili,,-11.2975,166.507,tani1255,,184,184,173,25,24,25,8,8,8,5.994565217391305,2.6847826086956523,Austronesian
abvdoceanic-Buma,Buma,,-11.6752,166.868,tean1237,,208,208,178,23,23,23,6,6,6,4.793269230769231,2.269230769230769,Austronesian
abvdoceanic-Vano,Vano,,-11.6107,166.7984,vano1237,,233,233,177,23,23,23,5,5,5,5.1373390557939915,2.3605150214592276,Austronesian
abvdoceanic-Tanema,Tanema,,-11.68,166.97,tane1237,,200,200,151,27,27,27,5,5,6,5.38,2.51,Austronesian
abvdoceanic-TungagTungakLavongai,Tungag / Tungak / Lavongai,,-2.52188,150.198,tung1290,,281,281,155,18,18,18,6,6,6,4.480427046263345,1.8683274021352314,Austronesian
abvdoceanic-Sisingga,Sisingga,,-7.22281,157.149,baba1268,,197,197,182,24,24,24,8,8,8,5.527918781725888,2.517766497461929,Austronesian
abvdoceanic-Siar,Siar,,-4.62059,152.892,siar1238,,197,197,175,19,18,19,7,6,7,5.121827411167513,1.9238578680203047,Austronesian
abvdoceanic-Kokota,Kokota,,-8.16481,159.191,koko1269,,187,187,181,18,18,18,6,6,6,5.262032085561497,2.3636363636363638,Austronesian
abvdoceanic-Takia,Takia,,-4.69057,145.975,taki1248,,236,236,207,28,20,28,5,5,5,4.313559322033898,1.728813559322034,Austronesian
abvdoceanic-Sudest,Sudest,,-11.5229,153.488,sude1239,,219,219,172,23,22,23,7,7,7,5.2465753424657535,2.3972602739726026,Austronesian
abvdoceanic-Nalik,Nalik,,-2.94411,151.332,nali1244,,194,194,174,19,19,19,5,5,5,5.195876288659794,2.0103092783505154,Austronesian
abvdoceanic-Diodio,Diodio,,-9.38654,150.168,diod1237,,184,184,168,16,16,16,5,5,6,6.923913043478261,3.375,Austronesian
abvdoceanic-VaeakauTaumako,Vaeakau-Taumako,,-10.173335,166.247188,pile1238,,258,258,204,20,20,20,10,5,10,4.534883720930233,2,Austronesian
abvdoceanic-Mwotlap,Mwotlap,,-13.655015,167.706277,motl1237,,227,227,206,25,25,25,8,8,8,5.929515418502203,2.185022026431718,Austronesian
abvdoceanic-Haku,Haku,,-5.06832,154.594,hako1237,,201,201,179,15,15,15,6,5,6,6.696517412935323,3.0597014925373136,Austronesian
abvdoceanic-Tolai,Tolai,,-4.30986,152.114,kuan1248,,234,234,187,13,13,13,6,5,6,7.367521367521367,3.08974358974359,Austronesian
abvdoceanic-Madak,Madak,,-3.34342,151.967,mada1285,,196,196,175,17,16,17,7,5,7,8.48469387755102,3.2551020408163267,Austronesian
abvdoceanic-KaraWest,Kara (West),,-2.81957,151.111,kara1486,,188,188,172,18,18,18,5,5,5,6.898936170212766,2.8404255319148937,Austronesian
abvdoceanic-LihirSunglik,Lihir (Sunglik),,-3.18895,152.606,lihi1237,,231,231,205,17,17,17,6,5,7,4.961038961038961,1.852813852813853,Austronesian
abvdoceanic-LungaLungaMinigir,Lunga Lunga  (Minigir),,-4.31803,152.005,mini1251,,236,236,209,13,13,13,5,5,5,6.817796610169491,3.114406779661017,Austronesian
abvdoceanic-Barok,Barok,,-3.47672,152.193,baro1253,,153,153,152,18,18,18,6,5,6,5.5359477124183005,2.6470588235294117,Austronesian
abvdoceanic-Kandas,Kandas,,-4.3652,152.781,kand1301,,183,183,167,15,14,15,6,5,6,6.497267759562842,2.7868852459016393,Austronesian
abvdoceanic-Torau,Torau,,-6.19922,155.496,tora1259,,202,202,185,14,14,14,6,6,6,5.787128712871287,2.6831683168316833,Austronesian
abvdoceanic-Tiang,Tiang,,-2.95505,150.935,tian1237,,195,195,169,14,14,14,6,6,6,5.394871794871795,2.174358974358974,Austronesian
abvdoceanic-Bilur,Bilur,,-4.39732,152.334,bilu1244,,188,188,170,15,15,15,8,5,8,8.335106382978724,3.484042553191489,Austronesian
abvdoceanic-Kuni,Kuni,,-8.66368,146.874,kuni1263,,245,245,194,16,16,16,5,5,5,5.66530612244898,2.6122448979591835,Austronesian
abvdoceanic-Doura,Doura,,-9.10008,146.988,tour1243,,143,143,138,15,15,15,7,6,7,5.363636363636363,2.6363636363636362,Austronesian
abvdoceanic-Gabadi,Gabadi,,-9.03389,146.992,abad1241,,203,203,187,12,12,12,5,5,5,6.261083743842365,2.9950738916256157,Austronesian
abvdoceanic-Solos,Solos,,-5.41042,154.624,solo1257,,199,199,177,16,16,16,5,5,5,7.301507537688442,2.7236180904522613,Austronesian
abvdoceanic-Matukar,Matukar,,-4.9078,145.779,matu1261,,226,226,156,18,18,18,6,6,6,3.995575221238938,1.7787610619469028,Austronesian
abvdoceanic-Riwo,Riwo,,,,,,125,125,107,17,17,17,5,5,5,3.544,1.496,
abvdoceanic-Bilibil,Bilibil,,-5.26505,145.764,bilb1241,,170,170,138,18,18,18,5,5,5,3.9411764705882355,1.6941176470588235,Austronesian
abvdoceanic-Saliba,Saliba,,-10.6148,150.727,sali1295,,253,253,206,19,19,19,5,5,6,5.462450592885376,2.5296442687747036,Austronesian
abvdoceanic-Nahavaq,Nahavaq,,-16.5116,167.477,sout2857,,206,206,198,30,30,30,5,5,6,5.475728155339806,2.004854368932039,Austronesian
abvdoceanic-Avava,Avava,,-16.2701,167.484,katb1237,,263,263,194,21,20,21,8,5,8,4.64638783269962,1.817490494296578,Austronesian
abvdoceanic-Naman,Naman,,-16.1331,167.415,litz1237,,237,237,191,18,18,18,8,6,9,5.210970464135021,2.059071729957806,Austronesian
abvdoceanic-Nese,Nese,,-15.952608,167.222769,nese1235,,188,188,159,18,17,18,5,5,5,5.031914893617022,1.9840425531914894,Austronesian
abvdoceanic-Tape,Tape,,-16.0695,167.33,mara1399,,237,237,195,21,21,21,8,6,9,4.7974683544303796,1.8860759493670887,Austronesian
abvdoceanic-SyeErromangan,Sye (Erromangan),,-18.8181,169.166,siee1239,,219,219,202,22,22,22,5,5,5,5.159817351598173,2.2009132420091326,Austronesian
abvdoceanic-Ura,Ura,,-18.6747,169.084,urav1235,,205,205,199,22,22,22,5,5,6,5.180487804878049,2.317073170731707,Austronesian
abvdoceanic-ArakiSouthwestSanto,Araki (Southwest Santo),,-15.632997,166.952542,arak1252,,184,184,177,15,14,15,6,5,6,4.646739130434782,2.108695652173913,Austronesian
abvdoceanic-Tolo,Tolo,,-9.76764,160.231,tali1259,,353,353,204,19,19,19,6,6,6,4.98300283286119,2.320113314447592,Austronesian
abvdoceanic-Merei,Merei,,-15.2839,166.905,mere1242,,201,201,184,21,19,21,5,5,5,4.786069651741293,2.054726368159204,Austronesian
abvdoceanic-Iaai,Iaai,,-20.6301,166.59,iaai1238,,232,232,205,26,26,26,17,9,18,4.142241379310345,1.706896551724138,Austronesian
abvdoceanic-Simbo,Simbo,,-8.26947,156.541,simb1256,,241,241,209,18,18,18,5,5,5,4.8921161825726145,2.3609958506224067,Austronesian
abvdoceanic-Uruava,Uruava,,-6.23314,155.573,urua1242,,250,250,187,15,15,15,7,5,7,6.396,2.924,Austronesian
abvdoceanic-Namakir,Namakir,,-16.8979,168.569,nama1268,,228,228,198,16,16,16,7,5,7,4.81140350877193,2.0219298245614037,Austronesian
abvdoceanic-Orkon,Orkon,,-16.210501,168.212109,orko1234,,191,191,181,21,21,21,11,10,11,4.476439790575916,1.8848167539267016,Austronesian
abvdoceanic-Kwamera,Kwamera,,-19.5954,169.442,kwam1252,,220,220,204,20,20,20,6,6,6,5.072727272727272,2.3454545454545452,Austronesian
abvdoceanic-Neveei,Neve'ei,,-16.2253,167.427,vinm1237,,242,242,201,23,23,23,5,5,5,5.289256198347108,2.1363636363636362,Austronesian
abvdoceanic-Aiwoo,Äiwoo,,-10.282595,166.328715,ayiw1239,,326,326,207,22,22,22,12,6,12,4.662576687116564,2.1625766871165646,Austronesian
abvdoceanic-Nanggu,Nanggu,,-10.7441,165.887,nang1262,,199,199,170,27,27,27,16,15,16,4.7537688442211055,2.1758793969849246,Austronesian
abvdoceanic-MaloSantaCruz,"Malo, Santa Cruz",,-10.6771,165.835,natu1246,,209,209,176,20,19,20,14,14,15,4.655502392344498,2.076555023923445,Austronesian
abvdoceanic-Kubokota,Kubokota,,-8.02035,156.552,ghan1242,,249,249,207,17,17,17,5,5,5,4.742971887550201,2.281124497991968,Austronesian
abvdoceanic-Luqa,Luqa,,-8.17469,156.573,lung1249,,246,246,210,16,16,16,5,5,5,4.857723577235772,2.3333333333333335,Austronesian
abvdoceanic-SivisaTitan,Sivisa Titan,,-2.18168,146.888,tita1241,,208,208,169,17,17,17,7,5,8,4.115384615384615,1.8461538461538463,Austronesian
abvdoceanic-Gumawana,Gumawana,,-9.28497,150.762,guma1254,,226,226,201,17,17,17,6,5,7,6.079646017699115,2.8761061946902653,Austronesian
abvdoceanic-WesternFijianNavosa,Western Fijian (Navosa),,-17.8355,177.657,west2519,,213,213,210,22,22,22,5,5,6,5.286384976525822,2.464788732394366,Austronesian
abvdoceanic-Tawaroga,Tawaroga,,-10.6963,162.191,kahu1241,,194,194,177,14,14,14,11,11,11,5.314432989690721,2.597938144329897,Austronesian
abvdoceanic-Ughele,Ughele,,-8.45725,157.341,ughe1237,,203,203,178,17,17,17,7,7,7,5.886699507389163,2.6157635467980294,Austronesian
abvdoceanic-Nduke,Nduke,,-7.97768,157.064,duke1237,,252,252,209,20,19,20,7,7,7,5.638888888888889,2.5515873015873014,Austronesian
abvdoceanic-Kusaghe,Kusaghe,,-8.04056,157.463,kusa1251,,189,189,178,17,17,17,7,7,7,5.851851851851852,2.708994708994709,Austronesian
abvdoceanic-MonoAlu,Mono (Alu),,-7.05102,155.76,mono1273,,213,213,182,16,16,16,9,8,9,5.516431924882629,2.6384976525821595,Austronesian
abvdoceanic-Dorio,Dori'o,,-9.11536,160.897,dori1246,,198,198,178,16,16,16,10,9,10,5.47979797979798,2.585858585858586,Austronesian
abvdoceanic-Vangunu,Vangunu,,-8.66826,157.997,vang1243,,197,197,178,18,18,18,7,7,7,5.695431472081219,2.6294416243654823,Austronesian
abvdoceanic-GhariTandai,Ghari (Tandai),,-9.4791,159.917,ghar1239,,200,200,178,18,18,18,7,7,7,5.33,2.415,Austronesian
abvdoceanic-Malango,Malango,,-9.61383,160.118,mala1484,,215,215,186,18,18,18,8,7,8,5.488372093023256,2.488372093023256,Austronesian
abvdoceanic-Mbirao,Mbirao,,-9.73716,160.52,bira1254,,207,207,176,19,19,19,7,7,7,5.618357487922705,2.497584541062802,Austronesian
abvdoceanic-Langalanga,Langalanga,,-8.81936,160.741,wala1266,,194,194,178,17,17,17,11,9,11,5.056701030927835,2.329896907216495,Austronesian
abvdoceanic-Kwai,Kwai,,-8.74742,161.023,gula1270,,189,189,176,16,16,16,8,7,8,4.576719576719577,2.126984126984127,Austronesian
abvdoceanic-LaghuSamasodu,Laghu (Samasodu),,-8.00509,158.961,lagh1246,,214,214,178,19,19,19,7,7,7,5.864485981308412,2.6682242990654204,Austronesian
abvdoceanic-NggaoPoro,Nggao (Poro),,-8.35163,159.789,gaoo1237,,199,199,172,26,26,26,8,8,8,5.351758793969849,2.4472361809045227,Austronesian
abvdoceanic-FaganiRihua,Fagani (Rihu'a),,-10.4479,161.662,faga1239,,191,191,176,15,15,15,6,6,6,5.450261780104712,2.518324607329843,Austronesian
abvdoceanic-Oroha,Oroha,,-9.7386,161.513,oroh1237,,191,191,178,11,11,11,7,7,7,5.460732984293194,2.575916230366492,Austronesian
abvdoceanic-SantaCatalina,Santa Catalina,,-10.82553,162.30467,owaa1237,,194,194,178,14,14,14,6,6,6,5.087628865979381,2.4123711340206184,Austronesian
abvdoceanic-Longgu,Longgu,,-9.75258,160.663,long1395,,234,234,203,21,21,21,7,7,7,5.038461538461538,2.324786324786325,Austronesian
abvdoceanic-Lengo,Lengo,,-9.56425,160.42,leng1259,,250,250,210,18,18,18,7,7,7,5.308,2.396,Austronesian
abvdoceanic-Mbaelelea,Mbaelelea,,-8.41627,160.721,bael1237,,195,195,177,17,17,17,9,9,9,5.0717948717948715,2.2256410256410257,Austronesian
abvdoceanic-Mbaengguu,Mbaengguu,,-8.49014,160.771,baeg1237,,208,208,178,17,17,17,9,8,9,5.134615384615385,2.2596153846153846,Austronesian
abvdoceanic-Fataleka,Fataleka,,-8.59041,160.861,fata1245,,192,192,172,18,18,18,7,7,7,5.03125,2.2447916666666665,Austronesian
abvdoceanic-BauroHaununu,Bauro (Haununu),,-10.5826,161.863,baur1252,,212,212,178,15,15,15,6,6,6,5.533018867924528,2.5754716981132075,Austronesian
abvdoceanic-Sengga,Sengga,,-7.22281,157.149,baba1268,,203,203,177,20,16,20,11,11,11,5.029556650246305,2.3054187192118225,Austronesian
abvdoceanic-MaringeLeleghia,Maringe (Leleghia),,-8.27055,159.625,chek1238,,204,204,178,24,24,24,6,6,6,5.53921568627451,2.4362745098039214,Austronesian
abvdoceanic-SaaAuluVillage,Sa'a (A'ulu Village),,-9.60258,161.467,saaa1240,,231,231,203,18,18,18,9,7,9,5.562770562770563,2.653679653679654,Austronesian
abvdoceanic-Blablanga,Blablanga,,-8.15058,159.419,blab1237,,187,187,175,22,22,22,7,7,7,5.4866310160427805,2.4385026737967914,Austronesian
abvdoceanic-ArosiTawatanaVillage,Arosi (Tawatana Village),,-10.2441,161.432,aros1241,,205,205,185,18,18,18,9,9,9,5.521951219512195,2.546341463414634,Austronesian
abvdoceanic-AreareMaasupaVillage,'Are'are (Ma'asupa Village),,-9.20699,161.158,area1240,,197,197,178,11,11,11,8,7,8,5.50761421319797,2.6243654822335025,Austronesian
abvdoceanic-Manihiki,Manihiki,,-10.03,-161.09,raka1237,,298,298,182,13,13,13,10,5,10,5.218120805369128,2.37248322147651,Austronesian
abvdoceanic-Hiw,Hiw,,-13.126367,166.584857,hiww1237,,216,216,194,23,17,23,10,10,11,4.148148148148148,1.7546296296296295,Austronesian
abvdoceanic-ApmaSuruMwerani,Apma (Suru Mwerani),,-15.8559,168.189,apma1240,,276,276,204,23,23,23,10,5,10,4.300724637681159,1.7826086956521738,Austronesian
abvdoceanic-Sasoutheasterndialect,Sa (south-eastern dialect),,-15.9534,168.228,saaa1241,,241,241,195,18,18,18,8,5,8,3.966804979253112,1.5809128630705394,Austronesian
abvdoceanic-Sowa,Sowa,,-15.82653,168.18653,sowa1244,,260,260,197,23,23,23,10,5,10,4.111538461538461,1.6538461538461537,Austronesian
abvdoceanic-SkeSeke,Ske (Seke),,-15.8839,168.197,seke1241,,239,239,196,26,25,26,6,5,6,4.01255230125523,1.502092050209205,Austronesian
abvdoceanic-Muyuw,Muyuw,,-9.195,152.731,muyu1244,,339,339,208,20,20,20,5,5,6,5.241887905604719,2.03834808259587,Austronesian
abvdoceanic-HaliaSelau,Halia (Selau),,-5.26603,154.662,hali1244,,151,151,138,17,16,17,7,6,7,5.7947019867549665,2.4701986754966887,Austronesian
abvdoceanic-Tawala,Tawala,,-10.3115,150.644,tawa1275,,195,195,192,14,14,14,6,5,7,5.615384615384615,2.7435897435897436,Austronesian
abvdoceanic-Niuafoou,Niuafo'ou,,-15.6014,-175.64,niua1240,,98,98,94,13,13,13,6,5,6,4.887755102040816,2.2857142857142856,Austronesian
abvdoceanic-Nimoa,Nimoa,,-11.2297,153.158,nimo1246,,83,83,83,38,38,38,8,8,8,6.072289156626506,2.7590361445783134,Austronesian
abvdoceanic-Lemerig,Lemerig,,-13.739697,167.420676,leme1238,,185,185,175,18,18,18,11,11,11,4.908108108108108,1.9783783783783784,Austronesian
abvdoceanic-Nanumea,Nanumea,,,,nort2844,,282,282,190,11,11,11,10,5,10,4.567375886524823,2.1134751773049647,Austronesian
abvdoceanic-Pingilapese,Pingilapese,,6.20743,160.711,ping1243,,141,141,113,13,13,13,5,5,5,4.851063829787234,1.7588652482269505,Austronesian
abvdoceanic-DaakakaWestAmbrymVanuatu,"Daa kaka (West Ambrym, Vanuatu)",,-16.2696,168.013,daka1243,,241,241,199,20,20,20,10,5,10,4.531120331950207,1.7842323651452283,Austronesian
abvdoceanic-Piva,Piva,,-6.15201,155.129,lawu1237,,202,202,199,20,19,20,8,5,8,6.3316831683168315,3.004950495049505,Austronesian
abvdoceanic-MortlockeseLukunosh,Mortlockese (Lukunosh),,5.50735,153.710778,mort1237,,212,212,207,28,15,28,22,12,22,4.202830188679245,1.849056603773585,Austronesian
abvdoceanic-Papitalai,Papitalai,,-2.06222,147.417,papi1254,,198,198,177,20,20,20,5,5,5,4.97979797979798,2.005050505050505,Austronesian
abvdoceanic-Lelepa,Lelepa,,-17.6042,168.202,lele1267,,192,192,187,15,14,15,9,5,9,4.854166666666667,1.9479166666666667,Austronesian
abvdoceanic-Roria,Roria,,-15.4048,166.843,rori1237,,160,160,159,23,23,23,6,6,6,5.175,1.89375,Austronesian
abvdoceanic-BiereboYevali,Bierebo (Yevali),,-16.6663,168.154,bier1244,,178,178,172,22,22,22,8,8,8,5.792134831460674,2.5786516853932584,Austronesian
abvdoceanic-Mpotovoro,Mpotovoro,,-15.8988,167.232,mpot1241,,177,177,174,26,26,26,6,6,6,6.135593220338983,2.446327683615819,Austronesian
abvdoceanic-AkeiPenantsiro,Akei (Penantsiro),,-15.6377,166.767,akei1237,,165,165,161,12,12,12,6,6,6,5.406060606060606,2.4909090909090907,Austronesian
abvdoceanic-Tutuba,Tutuba,,-15.580667,167.268889,tutu1241,,152,152,151,17,17,17,5,5,5,4.631578947368421,2.1447368421052633,Austronesian
abvdoceanic-Vunapu,Vunapu,,-14.8477,166.691,vuna1239,,114,114,110,15,15,15,5,5,5,5.350877192982456,2.43859649122807,Austronesian
abvdoceanic-Lakona,Lakona,,-14.29899,167.429382,lako1245,,173,173,170,24,24,24,8,7,8,4.907514450867052,2.0809248554913293,Austronesian
abvdoceanic-Lonwolwol,Lonwolwol,,-16.2286,168.016,lonw1238,,167,167,166,22,22,22,9,9,9,5.053892215568863,2.155688622754491,Austronesian
abvdoceanic-Tangoa,Tangoa,,-15.5643,166.958,tang1347,,159,159,153,20,20,20,5,5,5,5.163522012578617,2.4276729559748427,Austronesian
abvdoceanic-BieriaVowa,Bieria (Vowa),,-16.7867,168.232,bier1246,,186,186,176,23,23,23,5,5,5,5.102150537634409,2.1451612903225805,Austronesian
abvdoceanic-Koro,Koro,,-14.2943,167.467,koro1308,,173,173,169,20,20,20,9,9,9,4.705202312138728,1.9364161849710984,Austronesian
abvdoceanic-Baki,Baki,,-16.7096,168.165,baki1244,,178,178,171,20,20,20,7,7,7,5.522471910112359,2.337078651685393,Austronesian
abvdoceanic-Larevat,Larevat,,-16.1971,167.387,lare1249,,168,168,165,24,23,24,7,7,7,5.386904761904762,2.0892857142857144,Austronesian
abvdoceanic-Piamatsina,Piamatsina,,-14.9959,166.738,piam1242,,114,114,110,16,16,16,5,5,5,5.043859649122807,2.3684210526315788,Austronesian
abvdoceanic-Amblong,Amblong,,-15.5169,166.95,ambl1237,,111,111,108,24,23,24,7,7,7,5.504504504504505,2.4054054054054053,Austronesian
abvdoceanic-MaloNorth,Malo (North),,-15.6835,167.16,malo1243,,181,181,174,28,28,28,7,7,7,5.292817679558011,2.5027624309392267,Austronesian
abvdoceanic-Lorediakarkar,Lorediakarkar,,-15.334763,167.166325,lore1244,,155,155,154,31,29,31,9,9,10,4.2709677419354835,1.7096774193548387,Austronesian
abvdoceanic-NarangoNambel,Narango (Nambel),,-15.5259,167.047,nara1263,,163,163,160,18,18,18,5,5,5,4.766871165644171,1.969325153374233,Austronesian
abvdoceanic-VuresMosina,Vurës (Mosina),,-13.905677,167.451412,vure1239,,183,183,180,18,18,18,7,7,7,5.240437158469946,2.1748633879781423,Austronesian
abvdoceanic-Aore,Aore,,-15.5753,167.166,aore1237,,152,152,150,20,20,20,5,5,5,4.815789473684211,2.2434210526315788,Austronesian
abvdoceanic-WusiValui,Wusi (Valui),,-15.2786,166.696,wusi1237,,166,166,163,20,20,20,7,7,7,5.578313253012048,2.5542168674698793,Austronesian
abvdoceanic-Maii,Maii,,-16.7388,168.211,maii1238,,184,184,176,22,22,22,6,6,6,5.304347826086956,2.141304347826087,Austronesian
abvdoceanic-VeraaVatrata,Vera'a (Vatrata),,-13.892528,167.428701,vera1241,,176,176,173,25,25,25,6,6,6,5.153409090909091,2.221590909090909,Austronesian
abvdoceanic-MaewoCentralPeterara,"Maewo, Central (Peterara)",,-15.0784,168.135,cent2058,,182,182,175,21,21,21,5,5,5,5.417582417582418,2.478021978021978,Austronesian
abvdoceanic-TannaNorth,"Tanna, North",,-19.3733,169.303,nort2847,,167,167,164,28,28,28,8,8,8,5.946107784431137,2.4730538922155687,Austronesian
abvdoceanic-Tambotalo,Tambotalo,,-15.5004,167.139,tamb1253,,170,170,164,18,18,18,5,5,5,5.076470588235294,2.323529411764706,Austronesian
abvdoceanic-Marino,Marino,,-14.970047,168.057941,mari1426,,115,115,111,17,17,17,5,5,5,5.408695652173913,2.4869565217391303,Austronesian
abvdoceanic-Eton,Eton,,-17.74,168.549,eton1255,,178,178,175,15,15,15,5,5,5,4.685393258426966,1.904494382022472,Austronesian
abvdoceanic-ButmasTurButmas,Butmas-Tur (Butmas),,-15.3353,167.034,butm1237,,113,113,110,24,24,24,6,6,7,5.168141592920354,2.2035398230088497,Austronesian
abvdoceanic-Morouas,Morouas,,-15.3498,166.891,moro1286,,159,159,159,16,16,16,5,5,5,4.880503144654088,2.251572327044025,Austronesian
abvdoceanic-LamenuNul,Lamenu (Nul),,-16.7612,168.334,lewo1242,,175,175,170,15,15,15,7,7,7,5.337142857142857,2.3714285714285714,Austronesian
abvdoceanic-Lamenu,Lamenu,,-16.6098,168.171,lame1260,,179,179,174,19,19,19,8,8,8,4.988826815642458,2.206703910614525,Austronesian
abvdoceanic-Tasmate,Tasmate,,-15.0792,166.664,tasm1246,,103,103,100,16,15,16,8,7,8,5.038834951456311,2.3398058252427183,Austronesian
abvdoceanic-MwerlapMerlav,Mwerlap (Merlav),,-14.450679,168.053527,merl1237,,184,184,178,19,19,19,9,9,9,4.614130434782608,1.9021739130434783,Austronesian
abvdoceanic-NavutMatae,Navut (Matae),,-15.3169,166.798,navu1237,,164,164,162,10,10,10,5,5,5,4.7073170731707314,2.2621951219512195,Austronesian
abvdoceanic-Wailapa,Wailapa,,-15.5656,166.902,wail1242,,116,116,111,15,15,15,7,6,7,5.887931034482759,2.646551724137931,Austronesian
abvdoceanic-AmbaeEastWailengi,"Ambae, East (Wailengi)",,-15.3523,167.89,east2443,,177,177,174,20,20,20,6,6,6,5.265536723163842,2.440677966101695,Austronesian
abvdoceanic-Tiale,Tiale,,-15.2334,166.842,tial1239,,153,153,151,12,12,12,5,5,5,4.777777777777778,2.30718954248366,Austronesian
abvdoceanic-Loyop,Löyöp,,-13.542726,167.343342,leha1244,,176,176,173,21,21,21,9,9,9,4.931818181818182,1.9431818181818181,Austronesian
abvdoceanic-Mafea,Mafea,,-15.4316,167.241,mafe1237,,157,157,156,20,19,20,5,5,5,4.471337579617835,2.0445859872611467,Austronesian
abvdoceanic-PortVato,Port Vato,,-16.3083,168.046,port1286,,164,164,161,21,21,21,9,9,9,4.969512195121951,2.1341463414634148,Austronesian
abvdoceanic-AmbrymNorthFonah,"Ambrym, North (Fonah)",,-16.1741,168.14,nort2839,,173,173,167,25,25,25,9,9,9,4.606936416184971,1.9364161849710984,Austronesian
abvdoceanic-Wetamut,Wetamut,,-14.366666,167.545897,weta1242,,166,166,161,23,21,23,7,7,7,5.036144578313253,2.0120481927710845,Austronesian
abvdoceanic-Valpei,Valpei,,-14.712,166.606,valp1237,,174,174,169,23,23,23,8,8,8,5.574712643678161,2.4770114942528734,Austronesian
abvdoceanic-WhitesandsIarkei,Whitesands (Iarkei),,-19.5019,169.381,whit1269,,170,170,168,22,22,22,8,8,8,6.205882352941177,2.6411764705882352,Austronesian
abvdoceanic-AmbaeWestNgwatua,"Ambae, West (Ngwatua)",,-15.4281,167.807,west2513,,180,180,177,24,24,24,5,5,5,5.538888888888889,2.5722222222222224,Austronesian
abvdoceanic-BaetoraNavenevene,Baetora (Navenevene),,-15.2574,168.159,baet1237,,180,180,171,21,20,21,6,6,6,4.888888888888889,2.0944444444444446,Austronesian
abvdoceanic-Polonombauk,Polonombauk,,-15.4653,167.09,polo1242,,111,111,108,24,24,24,10,9,10,5.018018018018018,2.09009009009009,Austronesian
abvdoceanic-Tolomako,Tolomako,,-15.1569,166.772,tolo1255,,147,147,143,11,11,11,5,5,5,5.040816326530612,2.3401360544217686,Austronesian
abvdoceanic-Toga,Toga,,-13.334872,166.634338,loto1240,,168,168,163,20,20,20,8,8,8,5.0476190476190474,2.1726190476190474,Austronesian
abvdoceanic-Nokuku,Nokuku,,-14.8974,166.603,noku1237,,111,111,108,16,15,16,7,7,7,5.198198198198198,2.3333333333333335,Austronesian
abvdoceanic-Fortsenal,Fortsenal,,-15.4484,166.931,fort1240,,157,157,156,13,13,13,5,5,5,4.936305732484076,2.305732484076433,Austronesian
abvdoceanic-Lehali,Lehali,,-13.5043,167.332,leha1243,,180,180,175,22,22,22,7,7,8,4.477777777777778,1.7833333333333334,Austronesian
abvdoceanic-VenenTautLeviamp,V'ënen Taut (Leviamp),,-16.0903,167.239,bign1238,,176,176,169,20,20,20,8,8,8,5.1875,2.1761363636363638,Austronesian
abvdoceanic-Nume,Nume,,-14.230149,167.593474,nume1241,,175,175,172,22,21,22,7,7,7,5,2.057142857142857,Austronesian
abvdoceanic-SharkBay,Shark Bay,,-15.255284,167.138859,shar1244,,166,166,165,18,18,18,7,7,8,5.150602409638554,2.2289156626506026,Austronesian
abvdoceanic-Ulithian,Ulithian,,9.961388,139.603611,ulit1238,,318,318,126,45,33,45,10,5,11,4.726415094339623,1.7138364779874213,Austronesian
abvdoceanic-Houailou,Houaïlou,,-21.3029,165.468,ajie1238,,282,282,190,20,20,20,9,6,10,3.978723404255319,1.8617021276595744,Austronesian
abvdoceanic-Bola,Bola,,-5.55792,150.095,bola1250,,206,206,188,13,13,13,6,5,6,4.58252427184466,2.1844660194174756,Austronesian
abvdoceanic-Bulu,Bulu,,-5.06134,150.101,bulu1253,,171,171,169,17,17,17,5,5,5,5.988304093567251,2.824561403508772,Austronesian
abvdoceanic-Meramera,Meramera,,-4.97468,151.528,mera1242,,164,164,163,15,15,15,5,5,5,4.713414634146342,2.298780487804878,Austronesian
abvdoceanic-Nukeria,Nukeria,,-3.40038,154.731,nuku1259,,283,283,209,17,10,17,10,5,10,4.862190812720848,2.2614840989399294,Austronesian
abvdoceanic-NindeLawa,Ninde (Lawa),,-16.4291,167.442,labo1244,,186,186,179,29,29,29,10,9,10,5.526881720430108,2.2580645161290325,Austronesian
abvdoceanic-NatiWindua,Na:ti (Windua),,-16.468709,167.496054,nati1244,,211,211,193,37,37,37,13,10,13,5.649289099526066,2.203791469194313,Austronesian
abvdoceanic-NombotkoteUsusMelkin,Nombotkote (Usus - Melkin),,-16.4339,167.566,lete1241,,217,217,194,28,28,29,14,13,14,6.465437788018433,2.6313364055299537,Austronesian
abvdoceanic-NasarianWileventu,Nasarian (Wileven tu),,-16.3497,167.414,nasa1240,,173,173,167,35,35,35,17,15,17,6.757225433526012,2.76878612716763,Austronesian
abvdoceanic-AngavaeDixonReef,Angavae (Dixon Reef),,-16.3267,167.516,dixo1238,,190,190,173,37,37,37,16,13,16,6.521052631578947,2.5789473684210527,Austronesian
abvdoceanic-NeververLingarakSakan,Neverver (Lingarak - Sakan),,-16.1986,167.499,ling1265,,192,192,171,34,33,34,14,13,14,5.630208333333333,2.2135416666666665,Austronesian
abvdoceanic-PangkumuDatisman,Pangkumu (Datisman),,-16.2934,167.651,rere1240,,185,185,171,36,36,36,10,10,10,5.129729729729729,2.1027027027027025,Austronesian
abvdoceanic-UnuaNoferai,Unua (Noferai),,-16.2638,167.599,unua1237,,191,191,183,36,36,36,11,11,11,5.183246073298429,2.1256544502617802,Austronesian
abvdoceanic-TesmbolUsus,Tesmbol (Usus),,,,,,198,198,185,35,35,35,11,11,11,4.848484848484849,1.97979797979798,
abvdoceanic-NititaKhatbol,Nitita (Khatbol),,-16.2,167.46,niti1249,,180,180,167,44,43,45,11,11,11,5.833333333333333,2.316666666666667,Austronesian
abvdoceanic-VaoTorono,Vao (Torono),,-15.898299,167.309973,vaoo1237,,169,169,169,28,28,28,10,10,11,5.153846153846154,2.195266272189349,Austronesian
abvdoceanic-SivitiBeterbuJericho,"Siviti (Beterbu, Jericho)",,,,,,176,176,174,35,35,35,13,13,13,5.2102272727272725,2.0511363636363638,
abvdoceanic-AuluaNetimb,Aulua (Netimb),,-16.3579,167.697,aulu1238,,186,186,181,33,33,33,10,10,10,5.629032258064516,2.317204301075269,Austronesian
abvdoceanic-BurmbarFartavo,Burmbar (Fartavo),,-16.41653,167.73124,burm1263,,181,181,179,26,26,26,9,9,9,5.320441988950276,2.1215469613259668,Austronesian
abvdoceanic-NisvaiBlacksands,Nisvai (Blacksands),,-16.41306,167.785556,nisv1234,,180,180,174,31,31,31,12,12,12,5.772222222222222,2.2333333333333334,Austronesian
abvdoceanic-atarxobuGunwar,ßatarxobu (Gunwar),,,,,,172,172,170,29,29,29,15,15,15,5.075581395348837,2,
abvdoceanic-Najit,Najit,,,,,,168,168,166,34,34,34,11,11,11,4.869047619047619,1.875,
abvdoceanic-AlavasWowoWowo1,Alavas-Wowo (Wowo 1),,,,,,177,177,170,28,28,28,12,11,12,5.824858757062147,2.3333333333333335,
abvdoceanic-MbwenelangXoli,Mbwenelang (Xoli),,-16.338946,167.660849,bwen1239,,179,179,176,32,32,32,10,10,10,5.927374301675978,2.368715083798883,Austronesian
abvdoceanic-MaluaBayMarasup,Malua Bay (Marasup),,-15.9813,167.208,malu1245,,179,179,177,32,32,32,11,11,11,5.067039106145251,2.011173184357542,Austronesian
abvdoceanic-TiraxMaeB,Tirax (Mae B),,-15.9914,167.288,maee1241,,186,186,179,24,24,24,13,13,13,4.940860215053763,1.9838709677419355,Austronesian
abvdoceanic-PortSandwichLamap1,Port Sandwich (Lamap 1),,-16.4952,167.78,port1285,,176,176,172,28,28,28,10,10,10,4.982954545454546,2.0568181818181817,Austronesian
abvdoceanic-WalaWorprevB,Wala (Worprev B),,-16.00951,167.34643,urip1239,,177,177,176,30,30,30,12,12,12,4.887005649717514,2.005649717514124,Austronesian
abvdoceanic-MangapMbula,Mangap-Mbula,,-5.66965,148.041,mbul1263,,208,208,205,17,17,17,10,5,10,4.605769230769231,1.9519230769230769,Austronesian
abvdoceanic-Tami,Tami,,-6.70017,147.732,tami1290,,202,202,200,21,21,21,6,5,6,4.48019801980198,1.7920792079207921,Austronesian
abvdoceanic-MumengPatepdialect,Mumeng (Patep dialect),,-6.91988,146.639,pate1247,,169,169,162,27,24,27,14,10,15,3.455621301775148,1.3136094674556213,Austronesian
abvdoceanic-Mangseng,Mangseng,,-5.89752,150.68,mang1403,,205,205,187,16,16,16,7,6,7,4.546341463414634,1.9853658536585366,Austronesian
abvdoceanic-Bariai,Bariai,,-5.5087,148.666,bari1286,,216,216,209,14,14,14,6,5,6,4.449074074074074,1.9166666666666667,Austronesian
abvdoceanic-Label,Label,,-4.46971,152.678,labe1239,,166,166,158,14,14,14,5,5,5,4.066265060240964,1.6265060240963856,Austronesian
abvdoceanic-Ramoaaina,Ramoaaina,,-4.17306,152.451,ramo1244,,203,203,198,14,14,14,6,6,6,4.463054187192118,1.935960591133005,Austronesian
abvdoceanic-Sursurunga,Sursurunga,,-3.99078,152.768,surs1246,,205,205,201,18,18,18,6,6,6,4.11219512195122,1.6,Austronesian
abvdoceanic-Malalamai,Malalamai,,-5.77495,146.642,mala1489,,180,180,170,21,21,21,8,5,8,4.866666666666666,2.1555555555555554,Austronesian
abvdoceanic-Wab,Wab,,-5.61216,146.461,wabb1237,,165,165,157,20,18,20,9,6,10,5.066666666666666,1.915151515151515,Austronesian
abvdoceanic-Biliau,Biliau,,-5.59896,146.355,awad1244,,188,188,171,20,20,20,8,6,8,6.138297872340425,2.4361702127659575,Austronesian
abvdoceanic-Roinji,Roinji,,-5.80782,146.731,ronj1237,,190,190,179,20,20,20,7,6,7,5.989473684210527,2.557894736842105,Austronesian
abvdoceanic-BaliVitu,Bali-Vitu,,-4.89383,149.141,unea1237,,164,164,142,15,15,15,5,5,5,5.628048780487805,2.5548780487804876,Austronesian
abvdoceanic-Nenaya,Nenaya,,-5.91639,146.859,mato1252,,170,170,165,25,24,25,7,5,7,5.947058823529412,2.5294117647058822,Austronesian
abvdoceanic-Mindiri,Mindiri,,-5.5,146.15,mind1255,,191,191,175,22,22,22,13,9,13,5.952879581151833,2.277486910994764,Austronesian
abvdoceanic-Sio,Sio,,-5.96037,147.353,sioo1240,,257,257,194,18,18,18,11,6,11,5.070038910505836,2.2568093385214008,Austronesian
abvdoceanic-Malasanga,Malasanga,,-5.9401,147.058,mala1487,,180,180,169,17,16,17,9,7,9,5.338888888888889,2.3333333333333335,Austronesian
abvdoceanic-Mutu,Mutu,,-5.79405,148.014,mutu1242,,196,196,182,21,21,21,7,5,7,4.627551020408164,1.9948979591836735,Austronesian
abvdoceanic-Gitua,Gitua,,-6.0151,147.485,gitu1237,,195,195,183,24,24,24,6,5,6,5.158974358974359,2.3282051282051284,Austronesian
abvdoceanic-Arop,Arop,,-3.06984,142.12,arop1242,,172,172,166,15,15,15,10,7,10,6.017441860465116,2.63953488372093,Austronesian
abvdoceanic-Bebeli,Bebeli,,-5.63282,150.323,bebe1252,,229,229,205,16,16,16,8,7,8,5.209606986899563,2.3668122270742358,Austronesian
abvdoceanic-Irarutu,Irarutu,,-2.94438,133.586,irar1238,,212,212,199,21,17,21,7,7,7,3.9764150943396226,1.419811320754717,Austronesian
abvdoceanic-Drubea,Drubea,,-22.0947,166.531,dumb1241,,212,212,204,22,22,22,14,8,16,5.264150943396227,2.25,Austronesian
abvdoceanic-Sori,Sori,,-1.98384,146.642,sori1242,,102,102,96,19,19,19,9,5,9,4.754901960784314,2.0686274509803924,Austronesian
abvdoceanic-Lup,Lup,,-1.52891,145.075,herm1237,,96,96,91,19,19,19,11,6,11,4.572916666666667,1.96875,Austronesian
abvdoceanic-Ponam,Ponam,,-1.91705,146.887,pona1250,,102,102,97,25,24,25,10,6,10,5,2.127450980392157,Austronesian
abvdoceanic-Andra,Andra,,-2.05894,147.085,andr1248,,100,100,96,20,20,20,12,7,12,4.93,2.1,Austronesian
abvdoceanic-Jiriw,Jiriw,,-2.14273,147.202,nali1245,,100,100,96,21,20,21,11,7,11,5.23,2.18,Austronesian
abvdoceanic-Bujan,Bujan,,-2.09163,147.064,kele1258,,110,110,97,22,21,22,11,6,11,4.781818181818182,1.9636363636363636,Austronesian
abvdoceanic-Mokaren,Mokaren,,-2.01602,147.423,moke1240,,105,105,99,19,19,19,11,6,11,5.057142857142857,2.2476190476190476,Austronesian
abvdoceanic-Bipi,Bipi,,-2.11115,146.398,bipi1237,,103,103,98,19,19,19,10,5,10,4.718446601941747,2.0388349514563107,Austronesian
abvdoceanic-Tulu,Tulu,,-2.14155,146.934,tulu1259,,103,103,98,19,19,19,12,7,12,4.951456310679611,2.029126213592233,Austronesian
abvdoceanic-Pak,Pak,,-2.05269,147.767,pakt1239,,102,102,97,26,25,26,13,7,13,4.8431372549019605,2.019607843137255,Austronesian
abvdoceanic-Baluan,Baluan,,-2.5604,147.282,balu1257,,104,104,99,20,19,20,14,8,14,4.605769230769231,1.8173076923076923,Austronesian
abvdoceanic-Avau,Avau,,-6.24342,150.427,avau1237,,173,173,153,21,21,21,7,7,7,4.838150289017341,2.1271676300578033,Austronesian
abvdoceanic-HoteMisimdialect,Hote (Misim dialect),,-7.07708,146.869,hote1245,,190,190,186,19,19,19,8,8,8,4.726315789473684,1.9842105263157894,Austronesian
abvdoceanic-Nyindrou,Nyindrou,,-2.1143,146.627,nyin1250,,238,238,206,20,20,20,6,6,6,4.949579831932773,2.172268907563025,Austronesian
abvdoceanic-SissanoAropdialect,Sissano (Arop dialect),,-3.01976,142.049,siss1243,,195,195,167,16,16,16,9,7,10,5.538461538461538,2.1076923076923078,Austronesian
abvdoceanic-Akolet,Akolet,,-6.22711,150.182,akol1237,,223,223,199,24,23,24,5,5,6,4.95067264573991,1.9417040358744395,Austronesian
abvdoceanic-NaahaiMbatvanui16285,Na'ahai (Mbatvanui) 162-85,,-16.5499,167.509,malf1237,,184,184,181,28,28,28,15,13,15,6.657608695652174,2.652173913043478,Austronesian
abvdoceanic-AxambSmallIslandBrisbane16289,Axamb (Small Island-Brisbane) 162-89,,-16.4838,167.707,axam1237,,184,184,181,29,29,29,12,12,12,6.260869565217392,2.4782608695652173,Austronesian
abvdoceanic-MandriFarun16291,Mandri (Farun) 162-91,,,,,,177,177,174,37,37,37,13,12,13,7.203389830508475,2.8135593220338984,
abvdoceanic-NasvangFarun16293,Nasvang (Farun) 162-93,,-16.458173,167.639563,nasv1234,,174,174,169,26,26,26,13,13,13,5.844827586206897,2.2586206896551726,Austronesian
abvdoceanic-Navwien16287,Navwien 162-87,,-16.502947,167.554419,navw1234,,178,178,176,27,27,27,13,12,13,7.331460674157303,2.9269662921348316,Austronesian
abvdoceanic-UliveoLurtes162107,Uliveo (Lurtes) 162-107,,-16.5073,167.818,mask1242,,201,201,180,32,32,32,12,12,12,5.606965174129353,2.27363184079602,Austronesian
abvdoceanic-AvokAvok16299,Avok (Avok) 162-99,,-16.536653,167.773866,avok1244,,178,178,177,30,30,30,12,12,12,6.151685393258427,2.443820224719101,Austronesian
abvdoceanic-Anuki,Anuki,,-9.6692,149.822,anuk1239,,168,168,165,16,16,16,6,5,7,5.815476190476191,2.857142857142857,Austronesian
abvdoceanic-SinaugoroBalawaiaDialect,Sinaugoro (Balawaia Dialect),,-9.79791,147.861,sina1266,,198,198,173,16,16,16,6,6,6,4.843434343434343,2.282828282828283,Austronesian
abvdoceanic-Buhutu,Buhutu,,-10.5074,150.18,buhu1237,,174,174,168,19,19,19,10,6,11,5.160919540229885,2.4942528735632186,Austronesian
abvdoceanic-Bunama,Bunama,,-10.0761,151.066,buna1276,,207,207,181,22,22,22,6,6,7,5.961352657004831,2.845410628019324,Austronesian
abvdoceanic-Bwaidoga,Bwaidoga,,-9.51158,150.297,bwai1242,,242,242,195,17,17,17,6,6,7,6.132231404958677,2.9834710743801653,Austronesian
abvdoceanic-Dawawa,Dawawa,,-10.1692,149.999,dawa1242,,192,192,169,17,17,17,7,6,7,6.072916666666667,2.828125,Austronesian
abvdoceanic-Dobu,Dobu,,-9.63239,150.825,dobu1241,,256,256,201,20,20,20,8,6,9,6.2109375,2.87109375,Austronesian
abvdoceanic-Gapapaiwa,Gapapaiwa,,-9.73317,149.854,gapa1238,,212,212,181,17,17,17,7,6,7,6.216981132075472,2.8443396226415096,Austronesian
abvdoceanic-Ghayavi,Ghayavi,,-10.011,149.84,ghay1237,,151,151,126,16,16,16,6,6,7,6,2.8874172185430464,Austronesian
abvdoceanic-Hula,Hula,,-9.99427,147.705,hula1239,,213,213,181,12,12,12,7,5,7,5.112676056338028,2.3943661971830985,Austronesian
abvdoceanic-Iamalele,Iamalele,,-9.45005,150.573,iama1237,,245,245,192,20,20,20,7,6,8,6.228571428571429,2.946938775510204,Austronesian
abvdoceanic-Iduna,Iduna,,-9.34361,150.24,idun1242,,244,244,197,18,18,18,6,6,7,6.688524590163935,3.3278688524590163,Austronesian
abvdoceanic-Koluwawa,Koluwawa,,-9.42742,150.462,kolu1245,,232,232,187,19,19,19,5,5,6,6.198275862068965,2.978448275862069,Austronesian
abvdoceanic-Lala,Lala,,-8.93195,146.749,lala1268,,198,198,175,13,13,13,6,6,6,4.813131313131313,2.4343434343434343,Austronesian
abvdoceanic-Minaveha,Minaveha,,-9.59922,150.501,mina1269,,219,219,191,18,18,18,6,6,6,5.2785388127853885,2.5433789954337898,Austronesian
abvdoceanic-Sewa,Sewa,,-10.0277,150.956,sewa1251,,201,201,169,19,19,19,8,6,9,5.830845771144278,2.771144278606965,Austronesian
abvdoceanic-Tubetube,Tubetube,,-10.6599,151.034,bwan1241,,203,203,169,18,18,18,6,6,7,5.536945812807882,2.5911330049261085,Austronesian
abvdoceanic-Wedau,Wedau,,-10.1246,150.172,weda1241,,256,256,199,20,19,20,6,6,7,5.92578125,2.8203125,Austronesian
abvdoceanic-Auhelawa,'Auhelawa,,-10.0959,151.002,auhe1237,,199,199,183,21,21,21,6,5,7,5.472361809045226,2.613065326633166,Austronesian
abvdoceanic-Oyaoya,'Oyaoya,,-10.5392,150.658,oyao1237,,168,168,166,18,18,18,8,6,9,5.4226190476190474,2.613095238095238,Austronesian
abvdoceanic-Paici,Paicî,,-21.096,165.15,paic1239,,229,229,196,19,19,19,17,10,17,3.8122270742358078,1.8820960698689957,Austronesian
abvdoceanic-NyelayuBelepDialect,Nyelâyu (Belep Dialect),,-19.72,163.66,nyal1254,,302,302,147,31,31,31,10,5,10,4.635761589403973,2.019867549668874,Austronesian
abvdoceanic-Aro,Aro,,-21.3183,165.161,arho1237,,141,141,137,22,22,22,14,11,14,5.028368794326241,2.354609929078014,Austronesian
abvdoceanic-Ara,Arʃa,,-21.2866,165.273,arha1237,,142,142,136,19,19,19,14,10,14,4.985915492957746,2.3098591549295775,Austronesian
abvdoceanic-Kapone,Kapone,,-22.2689,166.705,nume1242,,137,137,127,27,27,27,13,11,13,5.043795620437956,2.18978102189781,Austronesian
abvdoceanic-Moenebe,Moeneᵐbeŋ,,-20.4114,164.578,caac1237,,137,137,134,23,23,23,12,8,12,4.430656934306569,1.897810218978102,Austronesian
abvdoceanic-Neku,Neku,,-21.6524,165.578,neku1237,,143,143,137,20,20,20,16,11,16,5.083916083916084,2.2587412587412588,Austronesian
abvdoceanic-Nmi,Nɛmi,,-20.6791,164.797,nemi1240,,146,146,135,27,27,27,13,10,13,4.678082191780822,1.8904109589041096,Austronesian
abvdoceanic-Pinje,Pinje,,-20.7824,164.942,pije1237,,141,141,136,26,26,26,11,7,11,6.361702127659575,2.3404255319148937,Austronesian
abvdoceanic-Poai,Poai,,-20.6873,164.901,fwai1237,,145,145,136,29,29,29,11,9,11,4.855172413793103,1.9241379310344828,Austronesian
abvdoceanic-Poamei,Poamei,,-20.8442,164.77,pwaa1237,,154,154,137,26,26,26,12,8,12,4.967532467532467,1.974025974025974,Austronesian
abvdoceanic-Poapoa,Poapoã,,-20.8133,164.556,pwap1237,,149,149,136,32,32,32,10,6,10,4.6375838926174495,1.8456375838926173,Austronesian
abvdoceanic-Sirehe,Sirehë,,-21.6544,165.482,zire1240,,143,143,136,20,20,20,14,11,14,6.090909090909091,2.7762237762237763,Austronesian
abvdoceanic-Wamoa,Wamoaŋ,,-20.5014,164.409,waam1236,,147,147,137,27,27,27,11,8,11,5.0476190476190474,1.9727891156462585,Austronesian
abvdoceanic-camuki,camuki,,-20.8489,165.13,cemu1238,,156,156,135,22,22,22,12,9,12,5.5256410256410255,2.4358974358974357,Austronesian
abvdoceanic-Ciri,Ciri,,-21.8147,165.792,tiri1258,,162,162,137,24,24,24,14,11,14,5.333333333333333,2.3209876543209877,Austronesian
abvdoceanic-ua,ɲua,,-20.5664,164.51,yuag1237,,149,149,137,24,24,24,9,6,9,4.348993288590604,1.9664429530201342,Austronesian
abvdoceanic-alasu,ʝalasu,,-20.25,164.2,bala1316,,81,81,81,26,26,26,8,6,8,5.308641975308642,2.0864197530864197,Austronesian
abvdoceanic-Moaek,ʰMoaekɛ,,-20.7708,165.04,vama1243,,147,147,137,27,27,27,11,8,11,6.115646258503402,2.4625850340136055,Austronesian
abvdoceanic-Moavek,ʰMoavekɛ,,-20.9246,164.768,hmwa1243,,148,148,136,26,26,26,11,8,11,5.256756756756757,2.0945945945945947,Austronesian
abvdoceanic-Boewe,ᵐBoewe,,-21.6269,165.473,orow1242,,146,146,137,21,21,21,16,11,16,4.965753424657534,2.219178082191781,Austronesian
abvdoceanic-Aragur,‘Aragùrɛ,,-21.8223,166.376,xara1243,,142,142,137,23,23,23,12,9,12,5.640845070422535,2.4295774647887325,Austronesian
abvdoceanic-Aek,’Aekɛ,,-21.0735,164.869,haek1239,,147,147,137,26,26,26,11,8,11,5.258503401360544,2.068027210884354,Austronesian
abvdoceanic-Avek,’Avekɛ,,-21.0249,164.753,have1241,,144,144,136,25,25,25,10,7,10,5.215277777777778,2.076388888888889,Austronesian
abvdoceanic-Mangaia,Mangaia,,,,mang1402,,207,207,191,9,9,9,6,6,6,4.579710144927536,2.072463768115942,Austronesian
abvdoceanic-Tahitian,Tahitian,,-17.6485,-149.45,tahi1242,,252,252,208,9,9,9,6,6,6,4.623015873015873,2.1944444444444446,Austronesian
